<Ui xmlns="http://www.blizzard.com/wow/ui/" xmlns:xsi="http://www.w3.org/2001/XMLSchema-instance" xsi:schemaLocation="http://www.blizzard.com/wow/ui/">
	<Button name="ZygorDetectorButton" movable="true" parent="TargetFrame" frameStrata="MEDIUM" hidden="false">
		<Size><AbsDimension x="24" y="24"/></Size>
		<Anchors><Anchor point="CENTER" relativePoint="BOTTOMRIGHT"><Offset><AbsDimension x="-105" y="35"/></Offset></Anchor></Anchors>

		<Layers><Layer level="BACKGROUND">
		<Texture name="$parentBack" file="(zglogo-back)" parentKey="back" sublevel="1">
			<Size><AbsDimension x="27" y="27"/></Size>
			<Anchors><Anchor point="CENTER" relativePoint="CENTER"><Offset><AbsDimension x="1" y="1"/></Offset></Anchor></Anchors>
		</Texture>
		<Texture name="$parentOverlay" file="Interface\Minimap\MiniMap-TrackingBorder" sublevel="2">
			<Size><AbsDimension x="52" y="52"/></Size>
			<Anchors><Anchor point="CENTER" relativePoint="CENTER"><Offset><AbsDimension x="11" y="-11"/></Offset></Anchor></Anchors>
		</Texture>
		</Layer></Layers>

		<NormalTexture file="(zglogo)" parentKey="ntx">
			<Anchors><Anchor point="CENTER" relativePoint="CENTER"><Offset><AbsDimension x="1" y="1"/></Offset></Anchor></Anchors>
			<Size><AbsDimension x="29" y="29"/></Size>
			<TexCoords left="0.000" right="1.000" top="0.000" bottom="0.250"/>
		</NormalTexture>

		<PushedTexture file="(zglogo)" parentKey="ptx">
			<Anchors><Anchor point="CENTER" relativePoint="CENTER"><Offset><AbsDimension x="1" y="1"/></Offset></Anchor></Anchors>
			<Size><AbsDimension x="29" y="29"/></Size>
			<TexCoords left="0.000" right="1.000" top="0.250" bottom="0.500"/>
		</PushedTexture>

		<HighlightTexture file="(zglogo)" alphaMode="ADD" parentKey="htx">
			<Anchors><Anchor point="CENTER" relativePoint="CENTER"><Offset><AbsDimension x="1" y="1"/></Offset></Anchor></Anchors>
			<Size><AbsDimension x="29" y="29"/></Size>
			<TexCoords left="0.000" right="1.000" top="0.500" bottom="0.750"/>
		</HighlightTexture>


		<Scripts>
			<OnClick>
				if ZGV.CreatureDetector.DetectedGuides then
					if #ZGV.CreatureDetector.DetectedGuides==1 then
						ZGV:SetGuide(ZGV.CreatureDetector.DetectedGuides[1].title)
					else
						ZGV.GuidePicker:NavigateTo("DETECTOR")
					end
				end
			</OnClick>
			<OnDragStart> self:StartMoving() </OnDragStart>
			<OnDragStop> self:StopMovingOrSizing() </OnDragStop>
			<OnHide>
				ZGV.CreatureDetector.DetectedGuides=nil
			</OnHide>
			<OnEvent>
				if event=="PLAYER_TARGET_CHANGED" and TargetFrame:IsVisible() then
					if ZGV.db.profile.detectcreatures
					and (ZGV.guidesets['PetsMountsA'] or ZGV.guidesets['PetsMountsH'])
					then
						ZGV.CreatureDetector:Detect()
						if ZGV.CreatureDetector.DetectedGuides then
							self:Show()
						else
							self:Hide()
						end
					else
						ZGV.CreatureDetector.DetectedGuides=nil
						self:Hide()
					end
				end
			</OnEvent>
			<OnLoad>
				self:RegisterForClicks("LeftButtonUp","RightButtonUp")
				self:RegisterForDrag("LeftButton")
				self:RegisterEvent("PLAYER_TARGET_CHANGED")
			</OnLoad>
			<OnEnter>
				ZGV.CreatureDetector:ShowTooltip(self)
			</OnEnter>
			<OnLeave>
				GameTooltip:Hide()
			</OnLeave>
		</Scripts>
	</Button>
</Ui>
