<Ui xmlns="http://www.blizzard.com/wow/ui/" xmlns:xsi="http://www.w3.org/2001/XMLSchema-instance" xsi:schemaLocation="http://www.blizzard.com/wow/ui/FrameXML/UI.xsd">

	<Script file="ZygorGuidesViewer.lua"/>
	<Include file="DEV\DEV.xml" />
	<Script file="Ver.lua"/>
	<Script file="BugReport.lua"/>
	<Script file="Parser.lua"/>
	<Script file="ChainsParser.lua"/>
	<Script file="Options.lua"/>
	<Script file="DEV\Options.lua"/> <!--DEV-->
	<Script file="Waypoints.lua"/>
	<Script file="DEV\Waypoints.lua"/> <!--DEV-->
	<Script file="Log.lua"/>
	<Script file="Functions.lua"/>
	<Script file="Localizers.lua"/>
	<Script file="QuestTracking.lua"/>
	<Script file="Faction.lua"/>
	<Script file="Profession.lua"/>
	<Script file="Dungeons.lua"/>
	<!--
	<Script file="ErrorLogger.lua"/>
	-->

	<Script file="QuestAutoAccept.lua"/>

	<Script file="Guide.lua"/>
	<Script file="MacroGuide.lua"/>
	<Script file="Step.lua"/>
	<Script file="Goal.lua"/>
	<Script file="ZygorLoot.lua"/>
	<Include file="ZygorLoot.xml"/>
	<Script file="DEV\ZygorLoot.lua"/> <!--DEV-->
	<Include file="DEV\ZygorLoot.xml"/> <!--DEV-->

	<Script file="Pointer.lua"/>
	<Script file="DEV\Pointer.lua"/> <!--DEV-->
	<Include file="PointerMarkerTemplates.xml" />
	<Include file="Arrows\Arrows.xml" />


	<Script file="Foglight.lua"/>
	<!-- <Script file="MapCoords.lua"/> -->

	<Script file="Dev.lua"/>

	<Include file="MasterFrame.xml"/>
	<Include file="MaintenanceFrame.xml"/>

	<Include file="Skins.lua"/>
	<Include file="Skins\Skins.xml"/>

	<Script file="DEV\ViewerFrame.lua"/> <!--DEV-->
	<Script file="DEV\Skin.lua"/> <!--DEV-->


	<Include file="MapSpotMarkerTemplates.xml" />
	<Script file="MapSpot.lua" />
	<Script file="MapSpotSet.lua" />
	<!-- <Script file="MapSpotsDetector.lua" /> -->

	<!-- <Script file="ZygorGuidesViewerOptions.lua"/> -->
	<Include file="ZygorMapIcon.xml" />
	<!-- <Include file="ZygorGuidesViewerMiniFrame.xml"/> -->

	<Include file="Templates.xml" />
		
	<Include file="TitanZygor.xml" />
	<Script file="CreatureViewer.lua" />
	<Script file="DEV\CreatureViewer.lua" /> <!--DEV-->
	<Script file="MagicKey.lua" />

	<Include file="CreatureDetectorIcon.xml"/>
	<Script file="CreatureDetector.lua" />
	
	<Script file="ItemScore.lua" />
	<Script file="DEV\ItemScore.lua" /> <!--DEV-->
	<Include file="ItemScore.xml" />

	<Include file="Data\data.xml"/>
</Ui>
