<Ui xmlns="http://www.blizzard.com/wow/ui/" xmlns:xsi="http://www.w3.org/2001/XMLSchema-instance" xsi:schemaLocation="http://www.blizzard.com/wow/ui/ D:\UI.xsd">
	<Frame name="ZygorGuidesViewerMaintenanceFrame" toplevel="true" frameStrata="DIALOG" movable="true" enableMouse="true" hidden="true" parent="UIParent">
		<Size x="300" y="300"/>
		<Anchors><Anchor point="CENTER"/></Anchors>
		<Backdrop bgFile="Interface\DialogFrame\UI-DialogBox-Background" edgeFile="Interface\DialogFrame\UI-DialogBox-Border" tile="true">
			<BackgroundInsets>
				<AbsInset left="11" right="12" top="12" bottom="11"/>
			</BackgroundInsets>
			<TileSize val="32"/>
			<EdgeSize val="32"/>
		</Backdrop>
		<Layers>
			<Layer level="ARTWORK">
				<Texture name="$parent_FrameHeader" file="Interface\DialogFrame\UI-DialogBox-Header">
					<Size x="450" y="64"/>
					<Anchors><Anchor point="TOP"><Offset x="0" y="12"/></Anchor></Anchors>
				</Texture>
				<FontString inherits="GameFontNormal" text="Zygor Guides Maintenance">
					<Anchors><Anchor point="TOP" relativeTo="$parent_FrameHeader"><Offset x="0" y="-14"/></Anchor></Anchors>
				</FontString>
			</Layer>
		</Layers>
		<Frames>
			<CheckButton name="$parent_StartGuides" inherits="UICheckButtonTemplate">
				<Anchors><Anchor point="TOPLEFT" relativePoint="TOPLEFT"><Offset x="20" y="-27"/></Anchor></Anchors>
				<Scripts>
					<OnLoad>
						_G[self:GetName().."Text"]:SetText("load guides");
					</OnLoad>
					<OnClick>
						ZGV.db.char.maint_startguides = not not self:GetChecked()
					</OnClick>
					<OnEnter>
						GameTooltip:SetOwner(self, "ANCHOR_TOP")
						GameTooltip:SetText("Checks if the addon's capable of loading the guides at all.")
						GameTooltip:Show()
					</OnEnter>
					<OnLeave>
						GameTooltip:Hide()
					</OnLeave>
				</Scripts>
			</CheckButton>

			<CheckButton name="$parent_QueryQuests" inherits="UICheckButtonTemplate">
				<Anchors><Anchor point="TOPLEFT" relativePoint="TOPLEFT" relativeTo="$parent_StartGuides"><Offset x="0" y="-27"/></Anchor></Anchors>
				<Scripts>
					<OnLoad>
						_G[self:GetName().."Text"]:SetText("query completed quests");
					</OnLoad>
					<OnClick>
						ZGV.db.char.maint_queryquests = not not self:GetChecked()
						ZGV:QueryQuests()
					</OnClick>
					<OnEnter>
						GameTooltip:SetOwner(self, "ANCHOR_TOP")
						GameTooltip:SetText("Checks if the addon can query the server-side completed quest list.")
						GameTooltip:Show()
					</OnEnter>
					<OnLeave>
						GameTooltip:Hide()
					</OnLeave>
				</Scripts>
			</CheckButton>

			<CheckButton name="$parent_FetchQuestData" inherits="UICheckButtonTemplate">
				<Anchors><Anchor point="TOPLEFT" relativePoint="TOPLEFT" relativeTo="$parent_QueryQuests"><Offset x="0" y="-27"/></Anchor></Anchors>
				<Scripts>
					<OnLoad>
						_G[self:GetName().."Text"]:SetText("fetch quest details");
					</OnLoad>
					<OnClick>
						ZGV.db.char.maint_fetchquestdata = not not self:GetChecked()
					</OnClick>
					<OnEnter>
						GameTooltip:SetOwner(self, "ANCHOR_TOP")
						GameTooltip:SetText("Checks if the addon can query the server for quest titles and details.")
						GameTooltip:Show()
					</OnEnter>
					<OnLeave>
						GameTooltip:Hide()
					</OnLeave>
				</Scripts>
			</CheckButton>

			<CheckButton name="$parent_FetchItemData" inherits="UICheckButtonTemplate">
				<Anchors><Anchor point="TOPLEFT" relativePoint="TOPLEFT" relativeTo="$parent_FetchQuestData"><Offset x="0" y="-27"/></Anchor></Anchors>
				<Scripts>
					<OnLoad>
						_G[self:GetName().."Text"]:SetText("fetch item details");
					</OnLoad>
					<OnClick>
						ZGV.db.char.maint_fetchitemdata = not not self:GetChecked()
					</OnClick>
					<OnEnter>
						GameTooltip:SetOwner(self, "ANCHOR_TOP")
						GameTooltip:SetText("Checks if the addon can query the server for item names.")
						GameTooltip:Show()
					</OnEnter>
					<OnLeave>
						GameTooltip:Hide()
					</OnLeave>
				</Scripts>
			</CheckButton>



			<!--
			<Button name="$parent_Reload" inherits="GameMenuButtonTemplate" text="Reload">
				<Anchors><Anchor point="BOTTOM" relativePoint="BOTTOM"><Offset x="0" y="20"/></Anchor></Anchors>
				<Scripts>
					<OnClick>
						ReloadUI()
					</OnClick>
				</Scripts>
			</Button>
			-->

			<Button name="$parent_CloseButton" inherits="UIPanelCloseButton">
				<Anchors><Anchor point="TOPRIGHT" relativePoint="TOPRIGHT"><Offset x="10" y="7"/></Anchor></Anchors>
			</Button>

			<Button name="$parent_Bug" inherits="GameMenuButtonTemplate" text="Bug Report">
				<Anchors><Anchor point="BOTTOM" relativePoint="BOTTOM"><Offset x="0" y="15"/></Anchor></Anchors>
				<Scripts>
					<OnClick>
						ZGV:BugReport(true)
					</OnClick>
				</Scripts>
			</Button>
		</Frames>
		<Layers>
			<Layer level="ARTWORK">
				<FontString name="$parentText" inherits="GameFontHighlightSmall" text="" justifyH="LEFT" justifyV="TOP">
					<Size x="280" y="0"/>
					<Anchors><Anchor point="BOTTOM" relativePoint="BOTTOM"><Offset x="0" y="40"/></Anchor></Anchors>
				</FontString>
			</Layer>
		</Layers>
		<Scripts>
			<OnLoad>
				_G[self:GetName().."Text"]:SetText("Try to enable the above options one by one.\nIf the game disconnects or crashes right after enabling one of the options, please start the game again, enter Maintenance Mode again, and submit a Bug Report using the button below - and be sure to report which options were enabled properly, and which caused the disconnection or crash.");
			</OnLoad>
		</Scripts>
	</Frame>


</Ui>