<Ui xmlns="http://www.blizzard.com/wow/ui/" xmlns:xsi="http://www.w3.org/2001/XMLSchema-instance" xsi:schemaLocation="http://www.blizzard.com/wow/ui/ D:\UI.xsd">

	<Button name="ZygorGuidesViewerPointerMinimapMarker" virtual="true" hidden="false" movable="false" enableMouse="true">
		<Size x="20" y="20"/>
		<Layers>
			<Layer level="BACKGROUND">
				<Texture parentKey="icon" file="__\Arrows\Cloqwerk\minimaparrow-green-dot">
					<Size x="12" y="12"/>
					<Anchors><Anchor point="CENTER" relativePoint="CENTER" /></Anchors>
				</Texture>
				<Texture parentKey="arrow" hidden="true" file="__\Arrows\Cloqwerk\minimaparrow-green-edge">
					<Size x="40" y="40"/>
					<Anchors><Anchor point="CENTER" relativePoint="CENTER" /></Anchors>
				</Texture>
			</Layer>
		</Layers>

		<Scripts>
			<OnLoad> self:RegisterForClicks("LeftButtonUp")</OnLoad>
			<OnEnter> ZGV.Pointer.MinimapButton_OnEnter(self) </OnEnter>
			<OnLeave> ZGV.Pointer.MinimapButton_OnLeave(self) </OnLeave>
			<OnUpdate>ZGV.Pointer.MinimapButton_OnUpdate(self,elapsed) </OnUpdate>
			<OnClick> ZGV.Pointer.MinimapButton_OnClick(self,button) </OnClick>
			<OnEvent> ZGV.Pointer.MinimapButton_OnEvent(self,event,...) </OnEvent>
		</Scripts>
	</Button>

	<Button name="ZygorGuidesViewerPointerWorldMapMarker" virtual="true" hidden="false" movable="false" enableMouse="true">
		<Size x="25" y="25"/>
		<Layers>
			<Layer level="ARTWORK">
				<Texture parentKey="icon" file="__\Arrows\Cloqwerk\minimaparrow-green-dot" textureSubLevel="1">
					<Anchors><Anchor point="CENTER" relativePoint="CENTER" /></Anchors>
					<Size x="25" y="25"/>
				</Texture>
				<Texture file="__\Skins\loading" name="$parentSpinner" textureSubLevel="2" parentKey="spinner">
					<Anchors><Anchor point="CENTER" relativePoint="CENTER" x="-0.5" y="0.5" /></Anchors>
					<Size x="23" y="23"/>
				</Texture>
			</Layer>
		</Layers>

		<Scripts>
			<OnLoad> self:RegisterForClicks("RightButtonUp","LeftButtonUp")
			self:RegisterEvent("PLAYER_ENTERING_WORLD")
			self:RegisterEvent("WORLD_MAP_UPDATE")
			self:RegisterEvent("ZONE_CHANGED_NEW_AREA")
			self.spinner:SetTexture(ZGV.DIR.."\\Skins\\loading")
			</OnLoad>
			<OnEnter> ZGV.Pointer.WorldmapButton_OnEnter(self) </OnEnter>
			<OnLeave> ZGV.Pointer.WorldmapButton_OnLeave(self) </OnLeave>
			<OnClick> ZGV.Pointer.MinimapButton_OnClick(self,button) </OnClick>
			<OnMouseWheel> ZGV.Pointer.WorldMapButton_OnMouseWheel(self,delta) </OnMouseWheel>
			<OnEvent> ZGV.Pointer.WorldMapButton_OnEvent(self,event,...) </OnEvent>
			<OnShow> self.Loop:Play() </OnShow>
			<OnHide> self.Loop:Stop() </OnHide>
		</Scripts>

		<Animations>
			<AnimationGroup parentKey="Loop" looping="REPEAT" >
				<Rotation target="$parentSpinner" order="1" duration="2" degrees="-360" />
			</AnimationGroup>
			<AnimationGroup parentKey="zoomy" looping="BOUNCE">
				<Animation duration="1.0" maxFramerate="30" smoothing="IN" order="1">
					<Scripts>
						<OnPlay>
							-- ONLY for step 1
							self.f = self:GetRegionParent().icon
						</OnPlay>
						<OnUpdate>
							self.f:SetWidth(25 + self:GetSmoothProgress()*3)
							self.f:SetHeight(25 + self:GetSmoothProgress()*3)
						</OnUpdate>
						<OnFinished>
							self.f:SetWidth(25)
							self.f:SetHeight(25)
						</OnFinished>
					</Scripts>
				</Animation>
			</AnimationGroup>
			<AnimationGroup parentKey="zoom" looping="NONE">
				<Scale scaleX="1.2" scaleY="1.2" duration="0.5" smoothing="OUT" order="1">
					<Origin point="CENTER"/>
				</Scale>
				<Scale scaleX="1.0" scaleY="1.0" duration="5.0" smoothing="NONE" order="2">
					<Origin point="CENTER"/>
				</Scale>
			</AnimationGroup>
			<AnimationGroup parentKey="unzoom" looping="NONE">
				<Scale scaleX="1.2" scaleY="1.2" duration="0.0" smoothing="NONE" order="1">
					<Origin point="CENTER"/>
				</Scale>
				<Scale scaleX="0.8" scaleY="0.8" duration="0.5" smoothing="IN" order="2">
					<Origin point="CENTER"/>
				</Scale>
				<Scale scaleX="1.0" scaleY="1.0" duration="5.0" smoothing="NONE" order="3">
					<Origin point="CENTER"/>
				</Scale>
			</AnimationGroup>
		</Animations>
	</Button>

	<Frame name="ZygorGuidesViewerPointerMinimapAnt" virtual="true" hidden="false" movable="false" enableMouse="false">
		<Size x="20" y="20"/>
		<Layers>
			<Layer level="BACKGROUND">
				<Texture parentKey="icon" file="__\Arrows\Cloqwerk\minimaparrow-green-dot">
					<Size x="12" y="12"/>
					<Anchors><Anchor point="CENTER" relativePoint="CENTER" /></Anchors>
				</Texture>
				<Texture parentKey="arrow" hidden="true" file="__\Arrows\Cloqwerk\minimaparrow-green-edge">
					<Size x="40" y="40"/>
					<Anchors><Anchor point="CENTER" relativePoint="CENTER" /></Anchors>
				</Texture>
			</Layer>
		</Layers>

		<Scripts>
			<OnUpdate>ZGV.Pointer.MinimapButton_OnUpdate(self,elapsed) </OnUpdate>
		</Scripts>
	</Frame>

	<Frame name="ZygorGuidesViewerPointerWorldMapAnt" virtual="true" hidden="false" movable="false" enableMouse="false">
		<Size x="25" y="25"/>
		<Layers>
			<Layer level="ARTWORK">
				<Texture parentKey="icon" file="__\Arrows\Cloqwerk\minimaparrow-green-dot" textureSubLevel="1">
					<Anchors><Anchor point="CENTER" relativePoint="CENTER" /></Anchors>
					<Size x="25" y="25"/>
				</Texture>
			</Layer>
		</Layers>

		<Scripts>
			<OnLoad>
			--self:RegisterEvent("PLAYER_ENTERING_WORLD")
			--self:RegisterEvent("WORLD_MAP_UPDATE")
			--self:RegisterEvent("ZONE_CHANGED_NEW_AREA")
			</OnLoad>
			<OnEvent> ZGV.Pointer.WorldMapButton_OnEvent(self,event,...) </OnEvent>
		</Scripts>
	</Frame>


	<Frame name="ZygorGuidesViewerPointer_ArrowCtrl" movable="true" visible="true">
		<Size x="1" y="1"/>
		<Anchors><Anchor point="CENTER"><Offset x="0" y="200"/></Anchor></Anchors>
		<Scripts>
			<!--<OnLoad>self:SetUserPlaced(true) </OnLoad>-->
		</Scripts>
	</Frame>


	<!-- taxi markers! -->

	<Frame name="ZygorGuidesViewerPointerTaxiMapMarker" virtual="true" hidden="false" movable="false" enableMouse="true">
		<Size x="25" y="25"/>
		<Layers>
			<Layer level="BACKGROUND">
				<Texture parentKey="icon" file="__\Arrows\Cloqwerk\minimaparrow-green-dot" textureSubLevel="1">
					<Anchors><Anchor point="CENTER" relativePoint="CENTER" /></Anchors>
					<Size x="25" y="25"/>
				</Texture>
			</Layer>
		</Layers>

		<Scripts>
			<OnLoad>
			self:RegisterEvent("TAXIMAP_OPENED")
			</OnLoad>
			<OnEvent> ZGV.Pointer.TaxiMapButton_OnEvent(self,event,...) </OnEvent>
		</Scripts>
	</Frame>

	<Frame name="ZygorGuidesViewerPointerTaxiMapAnt" virtual="true" hidden="false" movable="false" enableMouse="false">
		<Size x="25" y="25"/>
		<Layers>
			<Layer level="BACKGROUND">
				<Texture parentKey="icon" file="__\Arrows\Cloqwerk\minimaparrow-green-dot" textureSubLevel="1">
					<Anchors><Anchor point="CENTER" relativePoint="CENTER" /></Anchors>
					<Size x="25" y="25"/>
				</Texture>
			</Layer>
		</Layers>

		<Scripts>
			<OnEvent> ZGV.Pointer.TaxiMapButton_OnEvent(self,event,...) </OnEvent>
		</Scripts>
	</Frame>

</Ui>