<Bindings>
	<Binding name="ALLTHETHINGS_TOGGLEACCOUNTMODE" header="ALLTHETHINGS" category="ADDONS">
		AllTheThings.Settings:ToggleAccountMode();
	</Binding>
	<Binding name="ALLTHETHINGS_TOGGLECOMPLETIONISTMODE" category="ADDONS">
		AllTheThings.Settings:ToggleCompletionistMode();
	</Binding>
	<Binding name="ALLTHETHINGS_TOGGLEDEBUGMODE" category="ADDONS">
		AllTheThings.Settings:ToggleDebugMode();
	</Binding>
	<Binding name="ALLTHETHINGS_TOGGLECOMPLETEDTHINGS" header="ALLTHETHINGS_PREFERENCES" category="ADDONS">
		AllTheThings.Settings:ToggleCompletedThings();
	</Binding>
	<Binding name="ALLTHETHINGS_TOGGLECOMPLETEDGROUPS" category="ADDONS">
		AllTheThings.Settings:ToggleCompletedGroups();
	</Binding>
	<Binding name="ALLTHETHINGS_TOGGLECOLLECTEDTHINGS" category="ADDONS">
		AllTheThings.Settings:ToggleCollectedThings();
	</Binding>
	<Binding name="ALLTHETHINGS_TOGGLEBOEITEMS" category="ADDONS">
		AllTheThings.ToggleBOEItems();
	</Binding>
	<Binding name="ALLTHETHINGS_TOGGLEMAINLIST" header="ALLTHETHINGS_MODULES" category="ADDONS">
		AllTheThings.ToggleMainList();
	</Binding>
	<Binding name="ALLTHETHINGS_TOGGLEMINILIST" category="ADDONS">
		AllTheThings.ToggleMiniListForCurrentZone();
	</Binding>
	<Binding name="ALLTHETHINGS_TOGGLE_PROFESSION_LIST" category="ADDONS">
		AllTheThings:GetWindow("Tradeskills"):Toggle();
	</Binding>
	<Binding name="ALLTHETHINGS_TOGGLE_RAID_ASSISTANT" category="ADDONS">
		AllTheThings:GetWindow("RaidAssistant"):Toggle();
	</Binding>
	<Binding name="ALLTHETHINGS_TOGGLERANDOM" category="ADDONS">
		AllTheThings:GetWindow("Random"):Toggle();
	</Binding>
	<Binding name="ALLTHETHINGS_REROLL_RANDOM" category="ADDONS">
		local window = AllTheThings:GetWindow("Random");
		window:SetVisible(true);
		window:Reroll();
	</Binding>
</Bindings>
