<Ui xmlns="http://www.blizzard.com/wow/ui/" xmlns:xsi="http://www.w3.org/2001/XMLSchema-instance" xsi:schemaLocation="http://www.blizzard.com/wow/ui/ ..\FrameXML\UI.xsd">

<Script file='bar_1_primary.lua'/>
<Script file='bar_2_bottomleft.lua'/>
<Script file='bar_3_bottomright.lua'/>
<Script file='bar_4_right.lua'/>
<Script file='bar_5_left.lua'/>

<Script file='bar_xp_rep.lua'/>

<Script file='bar_pet.lua'/>
<Script file='bar_stance.lua'/>
<Script file='bar_vehicle.lua'/>

<Script file='bar_extra.lua'/>
<Script file='bar_custom.lua'/>


</Ui>