<Ui xmlns="http://www.blizzard.com/wow/ui/" xmlns:xsi="http://www.w3.org/2001/XMLSchema-instance" xsi:schemaLocation="http://www.blizzard.com/wow/ui/FrameXML/UI.xsd">

	<Script file="Arrow.lua"/>

	<Button name="ZygorGuidesViewerFrame_Arrow_template_3dgem" virtual="true" hidden="false" movable="true" enableMouse="true" frameStrata="MEDIUM" clampedToScreen="true">
		<Size x="50" y="50"/>
		<Anchors>
			<Anchor point="CENTER" relativePoint="CENTER" />
		</Anchors>
		<Layers>
			<Layer level="BACKGROUND">
				<Texture name="$parentBack" parentKey="back" file="__\Arrows\Midnight\arrow-back" subLevel="1" >
					<Size x="40" y="40"/>
					<Anchors>
						<Anchor point="CENTER" relativePoint="CENTER" ><Offset x="0" y="0"/></Anchor>
					</Anchors>
					<Animations>
						<AnimationGroup parentKey="turny" looping="REPEAT">
							<Rotation degrees="360" duration="2.0" maxFramerate="30" smoothing="NONE" order="1" />
						</AnimationGroup>
					</Animations>
				</Texture>
				<Texture parentKey="here" name="$parentHere" file="__\Arrows\Midnight\arrow-here" subLevel="2" >
					<Size x="50" y="50"/>
					<Anchors>
						<Anchor point="CENTER" relativePoint="CENTER" />
					</Anchors>
					<Animations>
						<AnimationGroup parentKey="zoomy" looping="BOUNCE">
							<Animation duration="0.5" maxFramerate="15" smoothing="IN_OUT" order="1">
								<Scripts>
									<OnPlay>
										-- ONLY for step 1
										self.f = self:GetRegionParent()
									</OnPlay>
									<OnUpdate>
										self.f:SetWidth(50 - self:GetSmoothProgress()*15)
										self.f:SetHeight(50 - self:GetSmoothProgress()*15)
									</OnUpdate>
									<OnFinished>
										self.f:SetWidth(50)
										self.f:SetHeight(50)
									</OnFinished>
								</Scripts>
							</Animation>
						</AnimationGroup>
					</Animations>
				</Texture>
				<FontString parentKey="title" name="$parentTitle" justifyH="CENTER" justifyV="TOP" inherits="GameFontHighlightSmall" subLevel="3">
					<Anchors>
						<Anchor relativeTo="$parentBack" relativePoint="BOTTOM" point="TOP"><Offset x="0" y="3"/></Anchor>
					</Anchors>
					<Size x="200" y="0"/>
					<FontHeight val="10"/>
				</FontString>
			</Layer>
		</Layers>
		<Frames>
			<PlayerModel parentKey="arrow" name="$parentArrow">
				<Size x="60" y="60"/>
				<Anchors>
					<Anchor point="CENTER" relativePoint="CENTER" />
				</Anchors>
			</PlayerModel>
		</Frames>

		<Scripts>
			<OnLoad> self:RegisterForDrag("LeftButton") self:EnableMouse(not ZGV.db.profile.arrowfreeze)  self:EnableMouseWheel(1)  self:ClearAllPoints()  self:SetPoint("CENTER",ZygorGuidesViewerPointer_ArrowCtrl,"CENTER") </OnLoad>
			<OnDragStart> ZygorGuidesViewerPointer_ArrowCtrl:StartMoving() self.dragging=true </OnDragStart>
			<OnDragStop> ZygorGuidesViewerPointer_ArrowCtrl:StopMovingOrSizing()  self.dragging=nil</OnDragStop>
			<OnShow> ZygorGuidesViewer.Pointer.ArrowFrame_OnShow(self) </OnShow>
			<OnMouseWheel> self:OnMouseWheel(delta) </OnMouseWheel>
		</Scripts>
	</Button>
</Ui>
