<Ui xmlns="http://www.blizzard.com/wow/ui/" xmlns:xsi="http://www.w3.org/2001/XMLSchema-instance" xsi:schemaLocation="http://www.blizzard.com/wow/ui/
..\FrameXML\UI.xsd">
    <Include file="libs-3.3.5\LibStub\LibStub.lua"/>
    <Include file="libs-3.3.5\CallbackHandler-1.0\CallbackHandler-1.0.xml"/>
    <Include file="libs-3.3.5\AceAddon-3.0\AceAddon-3.0.xml"/>
    <Include file="libs-3.3.5\AceEvent-3.0\AceEvent-3.0.xml"/>
    <Include file="libs-3.3.5\AceConsole-3.0\AceConsole-3.0.xml"/>
    <Include file="libs-3.3.5\AceHook-3.0\AceHook-3.0.xml"/>
    <Include file="libs-3.3.5\AceDB-3.0\AceDB-3.0.xml"/>
    <Include file="libs-3.3.5\AceDBOptions-3.0\AceDBOptions-3.0.xml"/>
    <Include file="libs-3.3.5\AceGUI-3.0\AceGUI-3.0.xml"/>
    <Include file="libs-3.3.5\AceConfig-3.0\AceConfig-3.0.xml"/>
    <Include file="libs-3.3.5\LibSharedMedia-3.0\lib.xml"/>
    <Include file="libs-3.3.5\AceComm-3.0\AceComm-3.0.xml"/>
    <Include file="libs-3.3.5\AceTimer-3.0\AceTimer-3.0.xml"/>
    <Include file="libs-3.3.5\AceBucket-3.0\AceBucket-3.0.xml"/>
    <Include file="libs-3.3.5\AceSerializer-3.0\AceSerializer-3.0.xml"/>
    <Script file="libs-3.3.5\LibDataBroker-1.1\LibDataBroker-1.1.lua"/>
    <Script file="libs-3.3.5\LibDBIcon-1.0\LibDBIcon-1.0.lua"/>
    <Script file="libs-3.3.5\LibAnim\LibAnim.lua"/>
</Ui>