{
	"items":
	[
		{
			"name": "Reins of the Spotted Nightsaber",
			"itemID": 8628,
			"equippable": false,
			"quality": 1,
			"bind": 1,
			"class": 15,
			"subclass": 5,
			"iLvl": 20,
			"inventoryType": 0,
			"lvl": 20
		},
		{
			"name":"The Fire Extinguisher",
			"itemID":41755,
			"f": 2
		},
		{
			"name": "Whistle of the Mottled Red Raptor",
			"itemID": 8586,
			"equippable": false,
			"quality": 2,
			"bind": 1,
			"class": 15,
			"subclass": 5,
			"iLvl": 40,
			"inventoryType": 0,
			"lvl": 40,
			"races": [
				2,
				5,
				6,
				8,
				9,
				10,
				26,
				27,
				28
			],
		},
		{
			"name": "Reins of the Primal Leopard",
			"itemID": 12325,
			"equippable": false,
			"quality": 2,
			"bind": 1,
			"class": 15,
			"subclass": 5,
			"iLvl": 20,
			"inventoryType": 0,
			"lvl": 20,
			"races": [
				1,
				3,
				4,
				7,
				11,
				22,
				25,
				29,
				30
			],
		},
		{
			"name": "Reins of the Tawny Sabercat",
			"itemID": 12326,
			"equippable": false,
			"quality": 2,
			"bind": 1,
			"class": 15,
			"subclass": 5,
			"iLvl": 20,
			"inventoryType": 0,
			"lvl": 20,
			"races": [
				1,
				3,
				4,
				7,
				11,
				22,
				25,
				29,
				30
			],
		},
		{
			"name": "Reins of the Golden Sabercat",
			"itemID": 12327,
			"equippable": false,
			"quality": 2,
			"bind": 1,
			"class": 15,
			"subclass": 5,
			"iLvl": 20,
			"inventoryType": 0,
			"lvl": 20,
			"races": [
				1,
				3,
				4,
				7,
				11,
				22,
				25,
				29,
				30
			],
		},
		{
			"name": "Horn of the Red Wolf",
			"itemID": 12330,
			"equippable": false,
			"quality": 2,
			"bind": 1,
			"class": 15,
			"subclass": 5,
			"iLvl": 40,
			"inventoryType": 0,
			"lvl": 40,
			"races": [
				2,
				5,
				6,
				8,
				9,
				10,
				26,
				27,
				28
			],
		},
		{
			"name": "Whistle of the Ivory Raptor",
			"itemID": 13317,
			"equippable": false,
			"quality": 2,
			"bind": 1,
			"class": 15,
			"subclass": 5,
			"iLvl": 40,
			"inventoryType": 0,
			"lvl": 40,
			"races": [
				2,
				5,
				6,
				8,
				9,
				10,
				26,
				27,
				28
			],
		},
		{
			"name": "Green Kodo",
			"itemID": 15292,
			"equippable": false,
			"quality": 2,
			"bind": 1,
			"class": 15,
			"subclass": 5,
			"iLvl": 40,
			"inventoryType": 0,
			"lvl": 40,
			"races": [
				2,
				5,
				6,
				8,
				9,
				10,
				26,
				27,
				28
			],
		},
		{
			"name": "Teal Kodo",
			"itemID": 15293,
			"equippable": false,
			"quality": 2,
			"bind": 1,
			"class": 15,
			"subclass": 5,
			"iLvl": 40,
			"inventoryType": 0,
			"lvl": 40,
			"races": [
				2,
				5,
				6,
				8,
				9,
				10,
				26,
				27,
				28
			],
		},
		{
			"name": "Enchanted Thorium Platemail (Volume I)",
			"itemID": 18769,
			"equippable": false,
			"quality": 0,
			"bind": 1,
			"class": 15,
			"subclass": 0,
			"iLvl": 1,
			"inventoryType": 0,
			"requireSkill": 164,
			"lvl": 60
		},
		{
			"name": "Enchanted Thorium Platemail (Volume II)",
			"itemID": 18770,
			"equippable": false,
			"quality": 0,
			"bind": 1,
			"class": 15,
			"subclass": 0,
			"iLvl": 1,
			"inventoryType": 0,
			"requireSkill": 164,
			"lvl": 60
		},
		{
			"name": "Enchanted Thorium Platemail (Volume III)",
			"itemID": 18771,
			"equippable": false,
			"quality": 0,
			"bind": 1,
			"class": 15,
			"subclass": 0,
			"iLvl": 1,
			"inventoryType": 0,
			"requireSkill": 164,
			"lvl": 60
		},
		{
			"name": "Bottom Half of Advanced Armorsmithing: Volume I",
			"itemID": 18779,
			"equippable": false,
			"quality": 0,
			"bind": 1,
			"class": 15,
			"subclass": 0,
			"iLvl": 1,
			"inventoryType": 0,
			"requireSkill": 164,
			"lvl": 50
		},
		{
			"name": "Top Half of Advanced Armorsmithing: Volume I",
			"itemID": 18780,
			"equippable": false,
			"quality": 0,
			"bind": 1,
			"class": 15,
			"subclass": 0,
			"iLvl": 1,
			"inventoryType": 0,
			"requireSkill": 164,
			"lvl": 50
		},
		{
			"name": "Bottom Half of Advanced Armorsmithing: Volume II",
			"itemID": 18781,
			"equippable": false,
			"quality": 0,
			"bind": 1,
			"class": 15,
			"subclass": 0,
			"iLvl": 1,
			"inventoryType": 0,
			"requireSkill": 164,
			"lvl": 50
		},
		{
			"name": "Top Half of Advanced Armorsmithing: Volume II",
			"itemID": 18782,
			"equippable": false,
			"quality": 0,
			"bind": 1,
			"class": 15,
			"subclass": 0,
			"iLvl": 1,
			"inventoryType": 0,
			"requireSkill": 164,
			"lvl": 50
		},
		{
			"name": "Bottom Half of Advanced Armorsmithing: Volume III",
			"itemID": 18783,
			"equippable": false,
			"quality": 0,
			"bind": 1,
			"class": 15,
			"subclass": 0,
			"iLvl": 1,
			"inventoryType": 0,
			"requireSkill": 164,
			"lvl": 50
		},
		{
			"name": "Top Half of Advanced Armorsmithing: Volume III",
			"itemID": 18784,
			"equippable": false,
			"quality": 0,
			"bind": 1,
			"class": 15,
			"subclass": 0,
			"iLvl": 1,
			"inventoryType": 0,
			"requireSkill": 164,
			"lvl": 50
		},
		{
			"name": "Peep's Whistle",
			"itemID": 25596,
			"equippable": false,
			"quality": 1,
			"bind": 1,
			"class": 15,
			"subclass": 5,
			"iLvl": 70,
			"inventoryType": 0,
			"lvl": 70
		},
		{
			"name": "Sun-Lute of the Phoenix King",
			"itemID": 44924,
			"equippable": true,
			"quality": 4,
			"bind": 1,
			"class": 2,
			"subclass": 1,
			"iLvl": 483,
			"inventoryType": 17,
			"lvl": 85
		},
		{
			"name": "Toskk's Maximized Wristguards",
			"itemID": 50333,
			"equippable": true,
			"quality": 4,
			"bind": 1,
			"class": 4,
			"subclass": 2,
			"iLvl": 264,
			"inventoryType": 9,
			"lvl": 80
		},
		{
			"name": "Garr's Girdle of Memories",
			"itemID": 67235,
			"equippable": true,
			"quality": 3,
			"bind": 2,
			"class": 4,
			"subclass": 4,
			"iLvl": 346,
			"inventoryType": 6,
			"lvl": 85
		},
		{
			"name": "Xariona's Spectral Claws",
			"itemID": 67239,
			"equippable": true,
			"quality": 3,
			"bind": 2,
			"class": 4,
			"subclass": 3,
			"iLvl": 346,
			"inventoryType": 10,
			"lvl": 85
		},
		{
			"name": "Belt of a Thousand Mouths",
			"itemID": 67240,
			"equippable": true,
			"quality": 3,
			"bind": 2,
			"class": 4,
			"subclass": 2,
			"iLvl": 346,
			"inventoryType": 6,
			"lvl": 85
		},
		{
			"name": "Beak of Julak-Doom",
			"itemID": 67246,
			"equippable": true,
			"quality": 3,
			"bind": 2,
			"class": 2,
			"subclass": 15,
			"iLvl": 346,
			"inventoryType": 13,
			"lvl": 85
		},
		{
			"name": "Jewel of the Firelord",
			"itemID": 95474,
			"equippable": true,
			"quality": 3,
			"bind": 1,
			"class": 4,
			"subclass": 5,
			"iLvl": 1,
			"inventoryType": 1,
			"lvl": 1
		},
		{
			"name": "Crown of Eternal Winter",
			"itemID": 95475,
			"equippable": true,
			"quality": 3,
			"bind": 1,
			"class": 4,
			"subclass": 5,
			"iLvl": 1,
			"inventoryType": 1,
			"lvl": 1
		},
		{
			"name": "Hood of Hungering Darkness",
			"itemID": 97213,
			"equippable": true,
			"quality": 3,
			"bind": 1,
			"class": 4,
			"subclass": 5,
			"iLvl": 1,
			"inventoryType": 1,
			"lvl": 1
		},
		{
			"name": "Primal Gladiator's Heavy Crossbow",
			"itemID": 111073,
			"equippable": true,
			"quality": 4,
			"bind": 1,
			"class": 2,
			"subclass": 18,
			"iLvl": 660,
			"inventoryType": 26,
			"lvl": 100,
			"races": [
				2,
				5,
				6,
				8,
				9,
				10,
				26,
				27,
				28
			],
		},
	]
}